5.4,29.59,1.2,0,00:13:ce:8f:77:43,-61.73,00:13:ce:97:78:79,-77.1,00:13:ce:8f:78:d9,-27.4,00:13:ce:95:de:7e,-74.16,00:13:ce:95:e1:6f,-56.42
4.2,29.59,1.2,0,00:13:ce:95:e1:6f,-52.49,00:13:ce:8f:78:d9,-26.32,00:13:ce:8f:77:43,-65.24,00:13:ce:97:78:79,-79.66,00:13:ce:95:de:7e,-74.36
3.0,29.59,1.2,0,00:13:ce:97:78:79,-75.78,00:13:ce:95:de:7e,-72.92,00:13:ce:8f:77:43,-61.63,00:13:ce:95:e1:6f,-54.06,00:13:ce:8f:78:d9,-27.83
1.8,29.59,1.2,0,00:13:ce:95:e1:6f,-52.31,00:13:ce:95:de:7e,-72.67,00:13:ce:8f:77:43,-61.08,00:13:ce:97:78:79,-82.3,00:13:ce:8f:78:d9,-30.61
5.4,30.59,1.2,0,00:13:ce:95:e1:6f,-55.99,00:13:ce:8f:78:d9,-33.9,00:13:ce:8f:77:43,-67.96,00:13:ce:95:de:7e,-73.13,00:13:ce:97:78:79,-84.0
4.2,30.59,1.2,0,00:13:ce:95:e1:6f,-52.95,00:13:ce:8f:78:d9,-28.13,00:13:ce:8f:77:43,-65.64,00:13:ce:95:de:7e,-71.02,00:13:ce:97:78:79,-75.57
3.0,30.59,1.2,0,00:13:ce:97:78:79,-77.97,00:13:ce:8f:77:43,-63.77,00:13:ce:8f:78:d9,-29.31,00:13:ce:95:e1:6f,-51.42,00:13:ce:95:de:7e,-69.32
1.8,30.59,1.2,0,00:13:ce:95:e1:6f,-52.8,00:13:ce:8f:78:d9,-30.85,00:13:ce:97:78:79,-79.65,00:13:ce:8f:77:43,-62.48,00:13:ce:95:de:7e,-70.59
5.4,31.59,1.2,0,00:13:ce:95:e1:6f,-56.43,00:13:ce:8f:77:43,-63.34,00:13:ce:8f:78:d9,-31.4,00:13:ce:95:de:7e,-72.52,00:13:ce:97:78:79,-75.9
4.2,31.59,1.2,0,00:13:ce:8f:78:d9,-34.9,00:13:ce:95:e1:6f,-57.49,00:13:ce:8f:77:43,-65.18,00:13:ce:97:78:79,-77.47,00:13:ce:95:de:7e,-72.24
3.0,31.59,1.2,0,00:13:ce:8f:77:43,-64.79,00:13:ce:8f:78:d9,-34.66,00:13:ce:95:e1:6f,-57.16
1.8,31.59,1.2,0,00:13:ce:8f:78:d9,-35.67,00:13:ce:8f:77:43,-66.44,00:13:ce:95:e1:6f,-55.33
5.4,26.04,1.2,0,00:13:ce:8f:78:d9,-32.08,00:13:ce:8f:77:43,-62.65,00:13:ce:95:e1:6f,-53.6,00:13:ce:95:de:7e,-69.91,00:13:ce:97:78:79,-80.37
4.2,26.04,1.2,0,00:13:ce:95:de:7e,-67.15,00:13:ce:8f:77:43,-62.64,00:13:ce:97:78:79,-78.77,00:13:ce:8f:78:d9,-31.5,00:13:ce:95:e1:6f,-49.62
3.0,26.04,1.2,0,00:13:ce:95:e1:6f,-48.56,00:13:ce:8f:78:d9,-40.28,00:13:ce:8f:77:43,-61.33,00:13:ce:95:de:7e,-71.59,00:13:ce:97:78:79,-81.88
1.8,26.04,1.2,0,00:13:ce:95:e1:6f,-49.84,00:13:ce:8f:77:43,-61.63,00:13:ce:8f:78:d9,-37.21,00:13:ce:95:de:7e,-70.04,00:13:ce:97:78:79,-79.31
5.4,27.04,1.2,0,00:13:ce:95:de:7e,-74.33,00:13:ce:8f:77:43,-69.35,00:13:ce:8f:78:d9,-35.44,00:13:ce:95:e1:6f,-53.75,00:13:ce:97:78:79,-78.99
4.2,27.04,1.2,0,00:13:ce:95:e1:6f,-55.1,00:13:ce:8f:77:43,-67.29,00:13:ce:8f:78:d9,-38.53,00:13:ce:95:de:7e,-69.08,00:13:ce:97:78:79,-80.43
4.2,27.04,1.2,0,00:13:ce:8f:77:43,-59.83,00:13:ce:8f:78:d9,-33.58,00:13:ce:95:e1:6f,-48.34,00:13:ce:95:de:7e,-69.42,00:13:ce:97:78:79,-74.97
3.0,27.04,1.2,0,00:13:ce:8f:78:d9,-35.24,00:13:ce:95:e1:6f,-50.92,00:13:ce:95:de:7e,-68.76,00:13:ce:8f:77:43,-63.45,00:13:ce:97:78:79,-79.51
1.8,27.04,1.2,0,00:13:ce:95:de:7e,-68.52,00:13:ce:8f:78:d9,-29.26,00:13:ce:8f:77:43,-62.71,00:13:ce:95:e1:6f,-48.82,00:13:ce:97:78:79,-79.87
5.4,28.04,1.2,0,00:13:ce:95:e1:6f,-50.61,00:13:ce:8f:78:d9,-27.53,00:13:ce:97:78:79,-79.1,00:13:ce:8f:77:43,-65.23,00:13:ce:95:de:7e,-68.45
4.2,28.04,1.2,0,00:13:ce:8f:78:d9,-35.47,00:13:ce:95:e1:6f,-51.91,00:13:ce:8f:77:43,-57.18,00:13:ce:95:de:7e,-71.2,00:13:ce:97:78:79,-82.23
3.0,28.04,1.2,0,00:13:ce:8f:77:43,-66.98,00:13:ce:95:de:7e,-72.28,00:13:ce:95:e1:6f,-54.27,00:13:ce:8f:78:d9,-37.87,00:13:ce:97:78:79,-82.43
1.8,28.04,1.2,0,00:13:ce:8f:78:d9,-37.93,00:13:ce:95:e1:6f,-53.44,00:13:ce:8f:77:43,-61.52,00:13:ce:95:de:7e,-69.46
5.4,22.43,1.2,0,00:13:ce:97:78:79,-66.37,00:13:ce:95:de:7e,-67.69,00:13:ce:8f:78:d9,-38.31,00:13:ce:95:e1:6f,-49.86,00:13:ce:8f:77:43,-57.88
4.2,22.43,1.2,0,00:13:ce:97:78:79,-73.19,00:13:ce:95:de:7e,-69.74,00:13:ce:95:e1:6f,-52.7,00:13:ce:8f:77:43,-60.64,00:13:ce:8f:78:d9,-40.66
3.0,22.43,1.2,0,00:13:ce:97:78:79,-76.65,00:13:ce:8f:78:d9,-37.53,00:13:ce:95:e1:6f,-53.28,00:13:ce:95:de:7e,-66.75,00:13:ce:8f:77:43,-59.11
1.8,22.43,1.2,0,00:13:ce:8f:78:d9,-37.82,00:13:ce:95:e1:6f,-52.16,00:13:ce:8f:77:43,-55.07,00:13:ce:95:de:7e,-67.72,00:13:ce:97:78:79,-76.5
5.4,23.43,1.2,0,00:13:ce:95:e1:6f,-56.05,00:13:ce:8f:78:d9,-38.49,00:13:ce:8f:77:43,-57.55,00:13:ce:95:de:7e,-64.97,00:13:ce:97:78:79,-79.01
4.2,23.43,1.2,0,00:13:ce:95:e1:6f,-50.42,00:13:ce:8f:77:43,-60.41,00:13:ce:8f:78:d9,-38.07,00:13:ce:95:de:7e,-69.06,00:13:ce:97:78:79,-73.22
3.0,23.43,1.2,0,00:13:ce:8f:77:43,-60.2,00:13:ce:8f:78:d9,-39.14,00:13:ce:95:de:7e,-65.81,00:13:ce:95:e1:6f,-52.49,00:13:ce:97:78:79,-74.65
1.8,23.43,1.2,0,00:13:ce:95:e1:6f,-55.94,00:13:ce:95:de:7e,-65.32,00:13:ce:8f:78:d9,-38.25,00:13:ce:8f:77:43,-57.66,00:13:ce:97:78:79,-79.33
5.4,24.43,1.2,0,00:13:ce:95:de:7e,-68.68,00:13:ce:95:e1:6f,-56.54,00:13:ce:8f:78:d9,-36.34,00:13:ce:8f:77:43,-62.72
5.4,24.43,1.2,0,00:13:ce:95:de:7e,-67.34,00:13:ce:97:78:79,-79.47,00:13:ce:8f:77:43,-58.72,00:13:ce:95:e1:6f,-56.11,00:13:ce:8f:78:d9,-39.66
4.2,24.43,1.2,0,00:13:ce:8f:78:d9,-39.33,00:13:ce:95:de:7e,-67.72,00:13:ce:95:e1:6f,-53.96,00:13:ce:8f:77:43,-61.31,00:13:ce:97:78:79,-77.64
3.0,24.43,1.2,0,00:13:ce:8f:78:d9,-37.62,00:13:ce:95:e1:6f,-52.23,00:13:ce:8f:77:43,-61.6,00:13:ce:95:de:7e,-66.7,00:13:ce:97:78:79,-77.55
3.0,24.43,1.2,0,00:13:ce:95:e1:6f,-57.62,00:13:ce:8f:77:43,-57.02,00:13:ce:8f:78:d9,-41.72,00:13:ce:95:de:7e,-68.36,00:13:ce:97:78:79,-79.47
1.8,24.43,1.2,0,00:13:ce:95:e1:6f,-50.54,00:13:ce:8f:78:d9,-37.36,00:13:ce:95:de:7e,-68.94,00:13:ce:97:78:79,-79.38,00:13:ce:8f:77:43,-60.64
5.4,19.5,1.2,0,00:13:ce:8f:78:d9,-43.72,00:13:ce:95:e1:6f,-62.57,00:13:ce:95:de:7e,-61.89,00:13:ce:8f:77:43,-75.07,00:13:ce:97:78:79,-74.08
4.2,19.5,1.2,0,00:13:ce:8f:78:d9,-47.15,00:13:ce:95:e1:6f,-57.88,00:13:ce:8f:77:43,-70.94,00:13:ce:95:de:7e,-64.09,00:13:ce:97:78:79,-70.94
3.0,19.5,1.2,0,00:13:ce:8f:78:d9,-45.23,00:13:ce:8f:77:43,-69.01,00:13:ce:95:de:7e,-61.91,00:13:ce:95:e1:6f,-57.98,00:13:ce:97:78:79,-74.69
1.8,19.5,1.2,0,00:13:ce:8f:77:43,-67.66,00:13:ce:8f:78:d9,-42.46,00:13:ce:95:de:7e,-58.74,00:13:ce:95:e1:6f,-53.82,00:13:ce:97:78:79,-76.56
5.4,20.5,1.2,0,00:13:ce:8f:77:43,-75.5,00:13:ce:97:78:79,-76.39,00:13:ce:8f:78:d9,-43.56,00:13:ce:95:e1:6f,-54.89,00:13:ce:95:de:7e,-58.43
4.2,20.5,1.2,0,00:13:ce:95:e1:6f,-58.18,00:13:ce:8f:78:d9,-44.16,00:13:ce:8f:77:43,-74.58,00:13:ce:95:de:7e,-59.32,00:13:ce:97:78:79,-72.26
3.0,20.5,1.2,0,00:13:ce:95:de:7e,-60.84,00:13:ce:97:78:79,-69.38,00:13:ce:8f:77:43,-68.99,00:13:ce:8f:78:d9,-44.87,00:13:ce:95:e1:6f,-57.82
1.8,20.5,1.2,0,00:13:ce:95:de:7e,-61.81,00:13:ce:95:e1:6f,-55.28,00:13:ce:97:78:79,-69.88,00:13:ce:8f:77:43,-66.68,00:13:ce:8f:78:d9,-44.69
5.4,21.5,1.2,0,00:13:ce:8f:77:43,-74.03,00:13:ce:95:e1:6f,-53.31,00:13:ce:95:de:7e,-59.45,00:13:ce:8f:78:d9,-43.87,00:13:ce:97:78:79,-64.53
4.2,21.5,1.2,0,00:13:ce:97:78:79,-72.16,00:13:ce:8f:78:d9,-43.57,00:13:ce:95:e1:6f,-58.32,00:13:ce:8f:77:43,-67.18,00:13:ce:95:de:7e,-62.89
4.2,21.5,1.2,0,00:13:ce:8f:77:43,-70.93,00:13:ce:95:de:7e,-60.45,00:13:ce:95:e1:6f,-60.23,00:13:ce:8f:78:d9,-45.98,00:13:ce:97:78:79,-69.07
3.0,21.5,1.2,0,00:13:ce:8f:78:d9,-39.67,00:13:ce:95:de:7e,-61.51,00:13:ce:97:78:79,-72.11,00:13:ce:95:e1:6f,-52.64,00:13:ce:8f:77:43,-70.12
1.8,21.5,1.2,0,00:13:ce:8f:77:43,-69.06,00:13:ce:95:e1:6f,-59.35,00:13:ce:8f:78:d9,-48.93,00:13:ce:95:de:7e,-52.92,00:13:ce:97:78:79,-72.04
5.4,15.21,1.2,0,00:13:ce:97:78:79,-73.49,00:13:ce:8f:78:d9,-45.17,00:13:ce:95:de:7e,-54.42,00:13:ce:95:e1:6f,-66.15,00:13:ce:8f:77:43,-68.66
4.2,15.21,1.2,0,00:13:ce:97:78:79,-70.91,00:13:ce:8f:77:43,-72.35,00:13:ce:95:e1:6f,-62.84,00:13:ce:8f:78:d9,-43.97,00:13:ce:95:de:7e,-58.91
3.0,15.21,1.2,0,00:13:ce:8f:77:43,-66.91,00:13:ce:95:e1:6f,-60.56,00:13:ce:8f:78:d9,-43.74,00:13:ce:95:de:7e,-56.5,00:13:ce:97:78:79,-74.6
1.8,15.21,1.2,0,00:13:ce:95:e1:6f,-62.94,00:13:ce:95:de:7e,-53.25,00:13:ce:8f:77:43,-68.9,00:13:ce:8f:78:d9,-49.29,00:13:ce:97:78:79,-71.99
5.4,16.21,1.2,0,00:13:ce:97:78:79,-71.16,00:13:ce:95:de:7e,-52.66,00:13:ce:8f:78:d9,-44.64,00:13:ce:95:e1:6f,-62.37,00:13:ce:8f:77:43,-65.58
4.2,16.21,1.2,0,00:13:ce:97:78:79,-73.16,00:13:ce:8f:78:d9,-42.3,00:13:ce:95:e1:6f,-66.13,00:13:ce:95:de:7e,-53.91,00:13:ce:8f:77:43,-64.38
3.0,16.21,1.2,0,00:13:ce:95:de:7e,-55.77,00:13:ce:8f:78:d9,-45.43,00:13:ce:8f:77:43,-67.74,00:13:ce:97:78:79,-74.3,00:13:ce:95:e1:6f,-61.27
1.8,16.21,1.2,0,00:13:ce:95:e1:6f,-60.82,00:13:ce:97:78:79,-77.11,00:13:ce:8f:78:d9,-46.01,00:13:ce:8f:77:43,-70.69,00:13:ce:95:de:7e,-51.39
5.4,17.21,1.2,0,00:13:ce:95:de:7e,-48.47,00:13:ce:8f:78:d9,-43.72,00:13:ce:95:e1:6f,-63.05,00:13:ce:8f:77:43,-72.73,00:13:ce:97:78:79,-74.28
4.2,17.21,1.2,0,00:13:ce:95:de:7e,-56.84,00:13:ce:8f:77:43,-68.4,00:13:ce:8f:78:d9,-43.65,00:13:ce:95:e1:6f,-60.37,00:13:ce:97:78:79,-74.23
3.0,17.21,1.2,0,00:13:ce:95:e1:6f,-62.21,00:13:ce:8f:78:d9,-45.18,00:13:ce:8f:77:43,-65.54,00:13:ce:95:de:7e,-57.98,00:13:ce:97:78:79,-75.73
1.8,17.21,1.2,0,00:13:ce:8f:77:43,-66.01,00:13:ce:95:de:7e,-51.25,00:13:ce:95:e1:6f,-68.49,00:13:ce:8f:78:d9,-55.31,00:13:ce:97:78:79,-76.22
5.4,11.67,1.2,0,00:13:ce:8f:78:d9,-54.83,00:13:ce:8f:77:43,-63.45,00:13:ce:95:de:7e,-53.86,00:13:ce:95:e1:6f,-68.62
4.2,11.67,1.2,0,00:13:ce:8f:78:d9,-57.02,00:13:ce:95:de:7e,-57.2,00:13:ce:8f:77:43,-59.17,00:13:ce:95:e1:6f,-70.62
3.0,11.67,1.2,0,00:13:ce:8f:77:43,-63.42,00:13:ce:8f:78:d9,-53.19,00:13:ce:95:de:7e,-56.24,00:13:ce:95:e1:6f,-68.85
1.8,11.67,1.2,0,00:13:ce:95:de:7e,-54.58,00:13:ce:8f:77:43,-64.85,00:13:ce:8f:78:d9,-54.32,00:13:ce:95:e1:6f,-67.47,00:13:ce:97:78:79,-74.36
5.4,12.67,1.2,0,00:13:ce:8f:78:d9,-54.67,00:13:ce:95:de:7e,-49.94,00:13:ce:95:e1:6f,-71.75,00:13:ce:8f:77:43,-62.22
4.2,12.67,1.2,0,00:13:ce:95:e1:6f,-69.93,00:13:ce:8f:78:d9,-55.58,00:13:ce:95:de:7e,-57.23,00:13:ce:8f:77:43,-61.2,00:13:ce:97:78:79,-75.59
3.0,12.67,1.2,0,00:13:ce:97:78:79,-73.97,00:13:ce:8f:78:d9,-56.12,00:13:ce:95:de:7e,-56.37,00:13:ce:8f:77:43,-60.2,00:13:ce:95:e1:6f,-69.08
1.8,12.67,1.2,0,00:13:ce:8f:78:d9,-56.84,00:13:ce:8f:77:43,-64.08,00:13:ce:95:de:7e,-54.01,00:13:ce:95:e1:6f,-71.03,00:13:ce:97:78:79,-76.61
5.4,13.67,1.2,0,00:13:ce:95:e1:6f,-65.04,00:13:ce:8f:78:d9,-57.23,00:13:ce:8f:77:43,-65.95,00:13:ce:95:de:7e,-53.83,00:13:ce:97:78:79,-68.73
4.2,13.67,1.2,0,00:13:ce:8f:78:d9,-56.08,00:13:ce:8f:77:43,-62.59,00:13:ce:95:de:7e,-53.38,00:13:ce:97:78:79,-76.61,00:13:ce:95:e1:6f,-70.39
3.0,13.67,1.2,0,00:13:ce:95:de:7e,-54.14,00:13:ce:8f:77:43,-58.57,00:13:ce:8f:78:d9,-56.46,00:13:ce:95:e1:6f,-70.89
1.8,13.67,1.2,0,00:13:ce:8f:78:d9,-54.47,00:13:ce:95:e1:6f,-70.02,00:13:ce:8f:77:43,-54.3,00:13:ce:95:de:7e,-55.23
5.4,7.33,1.2,0,00:13:ce:8f:78:d9,-61.7,00:13:ce:8f:77:43,-55.66,00:13:ce:95:de:7e,-55.16,00:13:ce:95:e1:6f,-71.56
4.2,7.33,1.2,0,00:13:ce:8f:78:d9,-56.98,00:13:ce:95:e1:6f,-69.29,00:13:ce:95:de:7e,-56.8,00:13:ce:8f:77:43,-55.85
3.0,7.33,1.2,0,00:13:ce:8f:77:43,-56.91,00:13:ce:8f:78:d9,-58.3,00:13:ce:95:de:7e,-55.32
1.8,7.33,1.2,0,00:13:ce:8f:78:d9,-57.5,00:13:ce:8f:77:43,-59.05,00:13:ce:95:de:7e,-54.98,00:13:ce:95:e1:6f,-74.92
5.4,8.33,1.2,0,00:13:ce:8f:78:d9,-57.68,00:13:ce:95:de:7e,-53.41,00:13:ce:8f:77:43,-57.55,00:13:ce:95:e1:6f,-72.1
4.2,8.33,1.2,0,00:13:ce:8f:77:43,-52.43,00:13:ce:95:de:7e,-50.07,00:13:ce:8f:78:d9,-55.56,00:13:ce:95:e1:6f,-70.67,00:13:ce:97:78:79,-78.12
3.0,8.33,1.2,0,00:13:ce:8f:78:d9,-55.44,00:13:ce:8f:77:43,-56.38,00:13:ce:95:de:7e,-54.9,00:13:ce:95:e1:6f,-74.0
1.8,8.33,1.2,0,00:13:ce:8f:78:d9,-60.66,00:13:ce:95:e1:6f,-74.72,00:13:ce:8f:77:43,-59.63,00:13:ce:95:de:7e,-58.58
5.4,9.33,1.2,0,00:13:ce:8f:78:d9,-59.29,00:13:ce:8f:77:43,-59.74,00:13:ce:95:de:7e,-52.94,00:13:ce:95:e1:6f,-76.0
4.2,9.33,1.2,0,00:13:ce:8f:77:43,-58.21,00:13:ce:95:de:7e,-55.41,00:13:ce:8f:78:d9,-60.88
3.0,9.33,1.2,0,00:13:ce:95:de:7e,-57.48,00:13:ce:8f:78:d9,-57.93,00:13:ce:8f:77:43,-54.0,00:13:ce:95:e1:6f,-70.37
1.8,9.33,1.2,0,00:13:ce:8f:77:43,-45.44,00:13:ce:95:de:7e,-56.21,00:13:ce:8f:78:d9,-64.38,00:13:ce:95:e1:6f,-71.86,00:13:ce:97:78:79,-81.56
5.4,4.44,1.2,0,00:13:ce:8f:77:43,-42.87,00:13:ce:8f:78:d9,-66.46,00:13:ce:95:de:7e,-62.94
4.2,4.44,1.2,0,00:13:ce:8f:77:43,-47.62,00:13:ce:95:de:7e,-59.99,00:13:ce:8f:78:d9,-63.86
3.0,4.44,1.2,0,00:13:ce:8f:78:d9,-58.83,00:13:ce:8f:77:43,-49.67,00:13:ce:95:de:7e,-58.76
1.8,4.44,1.2,0,00:13:ce:95:de:7e,-61.08,00:13:ce:8f:77:43,-49.17,00:13:ce:8f:78:d9,-61.48
5.4,5.44,1.2,0,00:13:ce:8f:77:43,-55.66,00:13:ce:95:de:7e,-61.19,00:13:ce:8f:78:d9,-66.65,00:13:ce:95:e1:6f,-74.0
4.2,5.44,1.2,0,00:13:ce:8f:78:d9,-61.18,00:13:ce:95:de:7e,-63.74,00:13:ce:8f:77:43,-54.39,00:13:ce:95:e1:6f,-74.89
3.0,5.44,1.2,0,00:13:ce:8f:78:d9,-60.16,00:13:ce:8f:77:43,-55.25,00:13:ce:95:de:7e,-61.93,00:13:ce:95:e1:6f,-76.14
1.8,5.44,1.2,0,00:13:ce:8f:77:43,-50.99,00:13:ce:8f:78:d9,-58.57,00:13:ce:95:de:7e,-59.06,00:13:ce:95:e1:6f,-72.89
5.4,6.44,1.2,0,00:13:ce:8f:77:43,-49.97,00:13:ce:8f:78:d9,-63.88,00:13:ce:95:de:7e,-59.12
4.2,6.44,1.2,0,00:13:ce:8f:78:d9,-61.28,00:13:ce:95:de:7e,-58.55,00:13:ce:8f:77:43,-52.87
3.0,6.44,1.2,0,00:13:ce:95:de:7e,-61.86,00:13:ce:8f:78:d9,-60.42,00:13:ce:8f:77:43,-51.88,00:13:ce:95:e1:6f,-73.0
1.8,6.44,1.2,0,00:13:ce:8f:78:d9,-59.0,00:13:ce:8f:77:43,-54.49,00:13:ce:95:de:7e,-60.87,00:13:ce:95:e1:6f,-76.49,00:13:ce:97:78:79,-82.13
6.0,1.0,1.2,0,00:13:ce:8f:78:d9,-73.13,00:13:ce:8f:77:43,-56.8,00:13:ce:95:de:7e,-68.05
6.0,2.0,1.2,0,00:13:ce:95:de:7e,-69.87,00:13:ce:8f:77:43,-58.49,00:13:ce:8f:78:d9,-67.75
6.0,3.0,1.2,0,00:13:ce:8f:77:43,-58.65,00:13:ce:95:de:7e,-72.84,00:13:ce:8f:78:d9,-68.46,00:13:ce:95:e1:6f,-75.0
7.0,1.0,1.2,0,00:13:ce:8f:77:43,-59.68,00:13:ce:8f:78:d9,-65.04,00:13:ce:95:de:7e,-73.75
7.0,2.0,1.2,0,00:13:ce:8f:77:43,-60.5,00:13:ce:95:de:7e,-73.76,00:13:ce:8f:78:d9,-65.19
7.0,3.0,1.2,0,00:13:ce:8f:77:43,-62.46,00:13:ce:8f:78:d9,-64.73,00:13:ce:95:de:7e,-74.1
7.5,4.0,1.2,0,00:13:ce:8f:77:43,-54.94,00:13:ce:8f:78:d9,-70.76,00:13:ce:95:de:7e,-68.32
7.5,5.0,1.2,0,00:13:ce:8f:77:43,-54.83,00:13:ce:95:de:7e,-69.66,00:13:ce:8f:78:d9,-66.34,00:13:ce:97:78:79,-73.32
7.5,6.0,1.2,0,00:13:ce:97:78:79,-76.86,00:13:ce:8f:77:43,-51.29,00:13:ce:8f:78:d9,-63.76,00:13:ce:95:de:7e,-65.14
7.5,7.0,1.2,0,00:13:ce:8f:77:43,-54.55,00:13:ce:95:de:7e,-66.35,00:13:ce:8f:78:d9,-62.13,00:13:ce:97:78:79,-69.39,00:13:ce:95:e1:6f,-74.48
7.5,8.0,1.2,0,00:13:ce:8f:78:d9,-65.58,00:13:ce:8f:77:43,-58.37,00:13:ce:95:de:7e,-65.87,00:13:ce:97:78:79,-70.49
7.5,9.0,1.2,0,00:13:ce:8f:78:d9,-63.13,00:13:ce:8f:77:43,-61.48,00:13:ce:97:78:79,-64.51,00:13:ce:95:de:7e,-64.16,00:13:ce:95:e1:6f,-76.9
7.5,10.0,1.2,0,00:13:ce:95:e1:6f,-73.81,00:13:ce:97:78:79,-64.09,00:13:ce:8f:78:d9,-58.99,00:13:ce:8f:77:43,-57.68,00:13:ce:95:de:7e,-62.03
7.5,11.0,1.2,0,00:13:ce:8f:78:d9,-59.19,00:13:ce:95:de:7e,-65.71,00:13:ce:8f:77:43,-57.66,00:13:ce:97:78:79,-62.09,00:13:ce:95:e1:6f,-73.93
8.0,12.0,1.2,0,00:13:ce:97:78:79,-63.64,00:13:ce:95:e1:6f,-70.17,00:13:ce:8f:78:d9,-58.44,00:13:ce:8f:77:43,-61.72,00:13:ce:95:de:7e,-64.1
8.0,13.0,1.2,0,00:13:ce:95:e1:6f,-70.19,00:13:ce:8f:78:d9,-59.51,00:13:ce:8f:77:43,-61.49,00:13:ce:95:de:7e,-63.53,00:13:ce:97:78:79,-63.85
8.0,14.0,1.2,0,00:13:ce:97:78:79,-66.71,00:13:ce:8f:77:43,-66.36,00:13:ce:95:de:7e,-64.42,00:13:ce:8f:78:d9,-56.08,00:13:ce:95:e1:6f,-71.82
8.0,15.0,1.2,0,00:13:ce:8f:78:d9,-58.18,00:13:ce:8f:77:43,-63.53,00:13:ce:95:de:7e,-66.32,00:13:ce:97:78:79,-63.64,00:13:ce:95:e1:6f,-72.34
8.0,16.0,1.2,0,00:13:ce:97:78:79,-61.68,00:13:ce:8f:77:43,-65.91,00:13:ce:8f:78:d9,-55.96,00:13:ce:95:de:7e,-66.17,00:13:ce:95:e1:6f,-73.3
9.0,12.0,1.2,0,00:13:ce:97:78:79,-57.88,00:13:ce:95:de:7e,-63.42,00:13:ce:8f:78:d9,-55.4,00:13:ce:8f:77:43,-65.47,00:13:ce:95:e1:6f,-71.58
9.0,13.0,1.2,0,00:13:ce:95:de:7e,-60.8,00:13:ce:8f:78:d9,-56.83,00:13:ce:8f:77:43,-63.83,00:13:ce:97:78:79,-59.12,00:13:ce:95:e1:6f,-72.84
9.0,14.0,1.2,0,00:13:ce:97:78:79,-63.25,00:13:ce:8f:77:43,-63.08,00:13:ce:8f:78:d9,-56.37,00:13:ce:95:de:7e,-64.31,00:13:ce:95:e1:6f,-69.43
9.0,15.0,1.2,0,00:13:ce:97:78:79,-60.84,00:13:ce:95:de:7e,-66.81,00:13:ce:8f:77:43,-65.6,00:13:ce:95:e1:6f,-70.25,00:13:ce:8f:78:d9,-58.45
9.0,16.0,1.2,0,00:13:ce:97:78:79,-59.1,00:13:ce:8f:78:d9,-56.82,00:13:ce:8f:77:43,-66.73,00:13:ce:95:de:7e,-66.4,00:13:ce:95:e1:6f,-71.39
9.0,17.0,1.2,0,00:13:ce:97:78:79,-68.81,00:13:ce:8f:77:43,-63.55,00:13:ce:8f:78:d9,-51.9,00:13:ce:95:de:7e,-63.74,00:13:ce:95:e1:6f,-71.45
9.0,19.0,1.2,0,00:13:ce:97:78:79,-71.81,00:13:ce:8f:78:d9,-52.64,00:13:ce:95:de:7e,-64.61,00:13:ce:8f:77:43,-71.34,00:13:ce:95:e1:6f,-67.91
7.5,20.0,1.2,0,00:13:ce:97:78:79,-63.8,00:13:ce:95:de:7e,-58.63,00:13:ce:8f:77:43,-73.85,00:13:ce:8f:78:d9,-49.28,00:13:ce:95:e1:6f,-60.76
7.0,21.0,1.2,0,00:13:ce:95:e1:6f,-59.82,00:13:ce:8f:78:d9,-49.76,00:13:ce:95:de:7e,-62.82,00:13:ce:8f:77:43,-74.33,00:13:ce:97:78:79,-65.12
7.5,22.0,1.2,0,00:13:ce:8f:77:43,-74.71,00:13:ce:8f:78:d9,-46.84,00:13:ce:97:78:79,-62.4,00:13:ce:95:e1:6f,-59.8,00:13:ce:95:de:7e,-62.72
8.0,23.0,1.2,0,00:13:ce:8f:78:d9,-42.13,00:13:ce:95:de:7e,-60.96,00:13:ce:97:78:79,-68.73,00:13:ce:95:e1:6f,-62.24,00:13:ce:8f:77:43,-76.54
8.0,24.0,1.2,0,00:13:ce:8f:78:d9,-46.88,00:13:ce:95:e1:6f,-64.51,00:13:ce:8f:77:43,-76.06,00:13:ce:97:78:79,-60.59,00:13:ce:95:de:7e,-62.07
9.0,23.0,1.2,0,00:13:ce:8f:78:d9,-49.65,00:13:ce:95:de:7e,-63.82,00:13:ce:95:e1:6f,-67.53,00:13:ce:97:78:79,-67.66,00:13:ce:8f:77:43,-79.1
9.0,24.0,1.2,0,00:13:ce:97:78:79,-70.28,00:13:ce:8f:78:d9,-42.94,00:13:ce:8f:77:43,-78.99,00:13:ce:95:de:7e,-64.56,00:13:ce:95:e1:6f,-62.01
7.5,26.0,1.2,0,00:13:ce:97:78:79,-73.87,00:13:ce:95:de:7e,-71.2,00:13:ce:95:e1:6f,-58.31,00:13:ce:8f:78:d9,-37.24,00:13:ce:8f:77:43,-79.08
7.5,27.0,1.2,0,00:13:ce:8f:78:d9,-36.1,00:13:ce:95:e1:6f,-60.8,00:13:ce:97:78:79,-72.45,00:13:ce:95:de:7e,-69.31,00:13:ce:8f:77:43,-78.73
7.0,28.0,1.2,0,00:13:ce:8f:78:d9,-33.28,00:13:ce:95:e1:6f,-59.06,00:13:ce:95:de:7e,-72.1,00:13:ce:97:78:79,-74.73,00:13:ce:8f:77:43,-83.04
7.5,29.0,1.2,0,00:13:ce:95:e1:6f,-61.25,00:13:ce:8f:78:d9,-39.46,00:13:ce:97:78:79,-75.74,00:13:ce:95:de:7e,-73.62,00:13:ce:8f:77:43,-81.0
7.5,30.0,1.2,0,00:13:ce:97:78:79,-65.92,00:13:ce:8f:78:d9,-39.72,00:13:ce:95:e1:6f,-62.76,00:13:ce:95:de:7e,-68.13,00:13:ce:8f:77:43,-73.25
7.0,14.0,1.2,0,00:13:ce:97:78:79,-61.34,00:13:ce:95:e1:6f,-72.01,00:13:ce:8f:78:d9,-55.2,00:13:ce:95:de:7e,-59.7,00:13:ce:8f:77:43,-61.88
7.0,7.0,1.2,0,00:13:ce:97:78:79,-68.9,00:13:ce:8f:78:d9,-61.63,00:13:ce:95:de:7e,-41.09,00:13:ce:8f:77:43,-53.84,00:13:ce:95:e1:6f,-59.43
5.4,11.67,4.2,0,00:13:ce:95:de:7e,-33.86,00:13:ce:95:e1:6f,-55.9,00:13:ce:8f:78:d9,-71.0,00:13:ce:97:78:79,-78.25
4.2,11.67,4.2,0,00:13:ce:95:e1:6f,-53.32,00:13:ce:95:de:7e,-35.61
3.0,11.67,4.2,0,00:13:ce:95:e1:6f,-52.86,00:13:ce:95:de:7e,-37.09,00:13:ce:8f:78:d9,-74.0,00:13:ce:97:78:79,-74.42
1.8,11.67,4.2,0,00:13:ce:95:de:7e,-38.85,00:13:ce:95:e1:6f,-52.28,00:13:ce:97:78:79,-76.94
5.4,12.67,4.2,0,00:13:ce:95:de:7e,-36.9,00:13:ce:95:e1:6f,-56.74
4.2,12.67,4.2,0,00:13:ce:95:de:7e,-34.48,00:13:ce:95:e1:6f,-53.32,00:13:ce:8f:78:d9,-71.65
3.0,12.67,4.2,0,00:13:ce:95:de:7e,-38.59,00:13:ce:95:e1:6f,-49.84,00:13:ce:8f:78:d9,-68.21,00:13:ce:8f:77:43,-81.84,00:13:ce:97:78:79,-69.0
1.8,12.67,4.2,0,00:13:ce:95:e1:6f,-49.87,00:13:ce:95:de:7e,-30.18,00:13:ce:97:78:79,-75.53,00:13:ce:8f:77:43,-65.73,00:13:ce:8f:78:d9,-68.16
5.4,13.67,4.2,0,00:13:ce:8f:77:43,-68.67,00:13:ce:95:e1:6f,-50.91,00:13:ce:95:de:7e,-33.08,00:13:ce:97:78:79,-72.19,00:13:ce:8f:78:d9,-69.65
4.2,13.67,4.2,0,00:13:ce:95:e1:6f,-53.16,00:13:ce:95:de:7e,-34.99,00:13:ce:8f:78:d9,-72.95,00:13:ce:8f:77:43,-69.37
3.0,13.67,4.2,0,00:13:ce:95:de:7e,-37.91,00:13:ce:95:e1:6f,-50.71,00:13:ce:8f:77:43,-70.22,00:13:ce:8f:78:d9,-70.74,00:13:ce:97:78:79,-74.92
1.8,13.67,4.2,0,00:13:ce:8f:77:43,-69.9,00:13:ce:95:e1:6f,-50.53,00:13:ce:95:de:7e,-31.2,00:13:ce:8f:78:d9,-67.46,00:13:ce:97:78:79,-77.05
5.4,11.67,4.2,0,00:13:ce:8f:78:d9,-71.28,00:13:ce:97:78:79,-78.67,00:13:ce:95:de:7e,-28.84,00:13:ce:95:e1:6f,-55.17,00:13:ce:8f:77:43,-77.28
4.2,11.67,4.2,0,00:13:ce:95:de:7e,-29.28,00:13:ce:8f:77:43,-77.0,00:13:ce:95:e1:6f,-51.84,00:13:ce:8f:78:d9,-70.23,00:13:ce:97:78:79,-72.26
3.0,11.67,4.2,0,00:13:ce:8f:78:d9,-69.08,00:13:ce:95:e1:6f,-48.94,00:13:ce:97:78:79,-70.44,00:13:ce:95:de:7e,-29.61,00:13:ce:8f:77:43,-75.74
1.8,11.67,4.2,0,00:13:ce:95:e1:6f,-49.43,00:13:ce:95:de:7e,-31.44,00:13:ce:8f:78:d9,-71.72,00:13:ce:97:78:79,-70.34,00:13:ce:8f:77:43,-78.8
5.4,12.67,4.2,0,00:13:ce:95:de:7e,-30.37,00:13:ce:95:e1:6f,-48.66,00:13:ce:8f:77:43,-78.75,00:13:ce:8f:78:d9,-70.45,00:13:ce:97:78:79,-77.56
4.2,12.67,4.2,0,00:13:ce:95:e1:6f,-47.87,00:13:ce:95:de:7e,-31.38,00:13:ce:97:78:79,-71.64,00:13:ce:8f:78:d9,-70.7,00:13:ce:8f:77:43,-79.95
3.0,12.67,4.2,0,00:13:ce:8f:78:d9,-67.76,00:13:ce:97:78:79,-68.38,00:13:ce:8f:77:43,-75.4,00:13:ce:95:e1:6f,-48.72,00:13:ce:95:de:7e,-28.76
5.4,8.09,4.2,0,00:13:ce:95:e1:6f,-59.11,00:13:ce:95:de:7e,-39.95,00:13:ce:8f:78:d9,-71.87
4.2,8.09,4.2,0,00:13:ce:95:de:7e,-36.95,00:13:ce:8f:78:d9,-67.78,00:13:ce:95:e1:6f,-54.76
3.0,8.09,4.2,0,00:13:ce:95:de:7e,-38.29,00:13:ce:95:e1:6f,-56.71
1.8,8.09,4.2,0,00:13:ce:95:e1:6f,-52.12,00:13:ce:95:de:7e,-38.76
5.4,9.09,4.2,0,00:13:ce:95:e1:6f,-55.1,00:13:ce:95:de:7e,-38.71
4.2,9.09,4.2,0,00:13:ce:95:e1:6f,-53.69,00:13:ce:95:de:7e,-36.92,00:13:ce:8f:77:43,-79.0,00:13:ce:8f:78:d9,-71.99
3.0,9.09,4.2,0,00:13:ce:95:de:7e,-38.14,00:13:ce:95:e1:6f,-55.72,00:13:ce:8f:78:d9,-71.95,00:13:ce:8f:77:43,-74.0
1.8,9.09,4.2,0,00:13:ce:95:e1:6f,-57.13,00:13:ce:95:de:7e,-38.33,00:13:ce:8f:78:d9,-70.52
5.4,10.09,4.2,0,00:13:ce:95:de:7e,-36.62,00:13:ce:95:e1:6f,-56.3
4.2,10.09,4.2,0,00:13:ce:95:e1:6f,-52.48,00:13:ce:95:de:7e,-36.44
3.0,10.09,4.2,0,00:13:ce:95:de:7e,-37.24,00:13:ce:95:e1:6f,-54.61
1.8,10.09,4.2,0,00:13:ce:95:e1:6f,-54.1,00:13:ce:95:de:7e,-38.26,00:13:ce:8f:77:43,-76.2,00:13:ce:8f:78:d9,-71.78,00:13:ce:97:78:79,-79.56
5.4,8.09,4.2,0,00:13:ce:95:e1:6f,-51.22,00:13:ce:8f:78:d9,-69.41,00:13:ce:97:78:79,-80.31,00:13:ce:95:de:7e,-36.51,00:13:ce:8f:77:43,-76.34
4.2,8.09,4.2,0,00:13:ce:8f:78:d9,-67.86,00:13:ce:95:e1:6f,-50.2,00:13:ce:8f:77:43,-75.62,00:13:ce:95:de:7e,-31.53,00:13:ce:97:78:79,-79.02
3.0,8.09,4.2,0,00:13:ce:95:e1:6f,-52.31,00:13:ce:8f:77:43,-75.21,00:13:ce:95:de:7e,-32.95,00:13:ce:8f:78:d9,-68.64,00:13:ce:97:78:79,-79.54
1.8,8.09,4.2,0,00:13:ce:95:de:7e,-34.75,00:13:ce:8f:78:d9,-71.12,00:13:ce:95:e1:6f,-50.23,00:13:ce:8f:77:43,-73.05,00:13:ce:97:78:79,-74.36
5.4,9.09,4.2,0,00:13:ce:8f:77:43,-75.51,00:13:ce:97:78:79,-78.27,00:13:ce:95:e1:6f,-50.88,00:13:ce:95:de:7e,-34.1,00:13:ce:8f:78:d9,-71.8
4.2,9.09,4.2,0,00:13:ce:95:e1:6f,-48.68,00:13:ce:8f:77:43,-72.28,00:13:ce:8f:78:d9,-72.07,00:13:ce:95:de:7e,-33.52,00:13:ce:97:78:79,-76.45
3.0,9.09,4.2,0,00:13:ce:95:de:7e,-34.54,00:13:ce:95:e1:6f,-52.04,00:13:ce:8f:78:d9,-69.45,00:13:ce:8f:77:43,-77.31,00:13:ce:97:78:79,-77.88
1.8,9.09,4.2,0,00:13:ce:95:e1:6f,-52.52,00:13:ce:8f:78:d9,-69.97,00:13:ce:95:de:7e,-38.1,00:13:ce:8f:77:43,-78.62,00:13:ce:97:78:79,-80.02
5.4,10.09,4.2,0,00:13:ce:95:de:7e,-38.52,00:13:ce:8f:77:43,-73.84,00:13:ce:95:e1:6f,-49.94,00:13:ce:8f:78:d9,-71.73,00:13:ce:97:78:79,-81.69
4.2,10.09,4.2,0,00:13:ce:97:78:79,-81.69,00:13:ce:8f:78:d9,-68.39,00:13:ce:8f:77:43,-75.52,00:13:ce:95:de:7e,-34.61,00:13:ce:95:e1:6f,-49.47
3.0,10.09,4.2,0,00:13:ce:97:78:79,-76.05,00:13:ce:8f:77:43,-77.09,00:13:ce:95:e1:6f,-52.03,00:13:ce:95:de:7e,-36.04,00:13:ce:8f:78:d9,-72.68
1.8,10.09,4.2,0,00:13:ce:95:de:7e,-39.36,00:13:ce:97:78:79,-78.89,00:13:ce:95:e1:6f,-39.08,00:13:ce:8f:77:43,-76.12,00:13:ce:8f:78:d9,-62.88
6.0,27.0,4.2,0,00:13:ce:95:e1:6f,-41.55,00:13:ce:8f:78:d9,-57.78,00:13:ce:95:de:7e,-57.38
6.0,28.0,4.2,0,00:13:ce:95:e1:6f,-36.99,00:13:ce:95:de:7e,-58.49,00:13:ce:8f:78:d9,-62.75
5.0,26.0,4.2,0,00:13:ce:95:de:7e,-55.78,00:13:ce:95:e1:6f,-35.34,00:13:ce:8f:78:d9,-61.45,00:13:ce:97:78:79,-80.57
5.0,27.0,4.2,0,00:13:ce:95:de:7e,-55.74,00:13:ce:95:e1:6f,-36.92,00:13:ce:8f:78:d9,-58.97
5.0,28.0,4.2,0,00:13:ce:95:e1:6f,-35.07,00:13:ce:95:de:7e,-54.31,00:13:ce:8f:78:d9,-58.88
4.0,26.0,4.2,0,00:13:ce:95:e1:6f,-36.3,00:13:ce:8f:78:d9,-58.04,00:13:ce:95:de:7e,-52.89
4.0,27.0,4.2,0,00:13:ce:8f:78:d9,-56.53,00:13:ce:95:e1:6f,-38.06,00:13:ce:95:de:7e,-55.77
4.0,28.0,4.2,0,00:13:ce:8f:78:d9,-57.26,00:13:ce:95:e1:6f,-36.54,00:13:ce:95:de:7e,-54.85
3.0,26.0,4.2,0,00:13:ce:95:e1:6f,-39.83,00:13:ce:8f:78:d9,-59.2,00:13:ce:95:de:7e,-55.63
3.0,27.0,4.2,0,00:13:ce:95:e1:6f,-35.87,00:13:ce:95:de:7e,-55.99,00:13:ce:8f:78:d9,-57.62
3.0,28.0,4.2,0,00:13:ce:95:de:7e,-55.63,00:13:ce:95:e1:6f,-35.88,00:13:ce:8f:78:d9,-54.99
2.0,26.0,4.2,0,00:13:ce:95:de:7e,-53.96,00:13:ce:95:e1:6f,-37.06,00:13:ce:8f:78:d9,-58.47
2.0,27.0,4.2,0,00:13:ce:8f:78:d9,-59.8,00:13:ce:95:e1:6f,-37.66,00:13:ce:95:de:7e,-57.06
2.0,28.0,4.2,0,00:13:ce:95:de:7e,-54.55,00:13:ce:95:e1:6f,-37.25,00:13:ce:8f:78:d9,-58.5
1.0,26.0,4.2,0,00:13:ce:95:de:7e,-54.58,00:13:ce:95:e1:6f,-37.71,00:13:ce:8f:78:d9,-59.99
1.0,27.0,4.2,0,00:13:ce:95:de:7e,-56.48,00:13:ce:95:e1:6f,-38.61,00:13:ce:8f:78:d9,-62.26
6.0,19.0,4.2,0,00:13:ce:95:de:7e,-52.61,00:13:ce:8f:78:d9,-66.98,00:13:ce:95:e1:6f,-43.86
6.0,20.0,4.2,0,00:13:ce:95:de:7e,-50.34,00:13:ce:95:e1:6f,-44.52,00:13:ce:8f:78:d9,-64.19
6.0,21.0,4.2,0,00:13:ce:8f:78:d9,-63.92,00:13:ce:95:e1:6f,-41.05,00:13:ce:95:de:7e,-54.84
6.0,22.0,4.2,0,00:13:ce:95:e1:6f,-38.84,00:13:ce:95:de:7e,-50.61,00:13:ce:8f:78:d9,-63.44
6.0,23.0,4.2,0,00:13:ce:95:de:7e,-51.21,00:13:ce:95:e1:6f,-41.11,00:13:ce:8f:78:d9,-64.44
6.0,24.0,4.2,0,00:13:ce:95:de:7e,-53.24,00:13:ce:95:e1:6f,-42.49,00:13:ce:8f:78:d9,-65.8
6.0,25.0,4.2,0,00:13:ce:95:e1:6f,-41.4,00:13:ce:95:de:7e,-49.38,00:13:ce:8f:78:d9,-68.1
5.0,19.0,4.2,0,00:13:ce:95:de:7e,-50.85,00:13:ce:95:e1:6f,-42.32,00:13:ce:8f:78:d9,-65.34
5.0,20.0,4.2,0,00:13:ce:95:de:7e,-54.01,00:13:ce:95:e1:6f,-43.08,00:13:ce:8f:78:d9,-68.12,00:13:ce:97:78:79,-77.47
5.0,21.0,4.2,0,00:13:ce:8f:78:d9,-65.09,00:13:ce:95:de:7e,-51.36,00:13:ce:95:e1:6f,-40.25,00:13:ce:97:78:79,-74.38
5.0,22.0,4.2,0,00:13:ce:95:de:7e,-52.29,00:13:ce:95:e1:6f,-38.99,00:13:ce:8f:78:d9,-65.39,00:13:ce:97:78:79,-78.64
5.0,23.0,4.2,0,00:13:ce:95:e1:6f,-38.29,00:13:ce:95:de:7e,-51.07,00:13:ce:8f:78:d9,-64.69
5.0,24.0,4.2,0,00:13:ce:8f:78:d9,-61.97,00:13:ce:95:e1:6f,-38.51,00:13:ce:95:de:7e,-51.94
5.0,25.0,4.2,0,00:13:ce:95:e1:6f,-41.85,00:13:ce:95:de:7e,-52.47,00:13:ce:8f:78:d9,-65.11
4.0,19.0,4.2,0,00:13:ce:95:de:7e,-50.97,00:13:ce:8f:78:d9,-65.31,00:13:ce:95:e1:6f,-42.38
4.0,20.0,4.2,0,00:13:ce:8f:78:d9,-66.66,00:13:ce:95:e1:6f,-40.63,00:13:ce:95:de:7e,-51.18,00:13:ce:97:78:79,-77.89
4.0,21.0,4.2,0,00:13:ce:95:e1:6f,-42.15,00:13:ce:8f:78:d9,-62.02,00:13:ce:95:de:7e,-52.06
4.0,22.0,4.2,0,00:13:ce:95:de:7e,-50.47,00:13:ce:95:e1:6f,-38.31,00:13:ce:8f:78:d9,-64.63
4.0,23.0,4.2,0,00:13:ce:95:e1:6f,-40.83,00:13:ce:8f:78:d9,-64.31,00:13:ce:95:de:7e,-53.28
4.0,24.0,4.2,0,00:13:ce:95:e1:6f,-36.53,00:13:ce:8f:78:d9,-63.18,00:13:ce:95:de:7e,-53.22
4.0,25.0,4.2,0,00:13:ce:8f:78:d9,-61.27,00:13:ce:95:e1:6f,-39.29,00:13:ce:95:de:7e,-54.1
3.0,19.0,4.2,0,00:13:ce:95:de:7e,-51.19,00:13:ce:95:e1:6f,-40.62,00:13:ce:8f:78:d9,-64.61,00:13:ce:97:78:79,-75.33
3.0,25.0,4.2,0,00:13:ce:95:e1:6f,-42.23,00:13:ce:95:de:7e,-46.92,00:13:ce:8f:78:d9,-63.59
2.0,19.0,4.2,0,00:13:ce:95:de:7e,-46.71,00:13:ce:95:e1:6f,-44.03,00:13:ce:8f:78:d9,-66.27
2.0,20.0,4.2,0,00:13:ce:95:de:7e,-48.39,00:13:ce:95:e1:6f,-42.61,00:13:ce:8f:78:d9,-63.38,00:13:ce:97:78:79,-75.47
2.0,21.0,4.2,0,00:13:ce:95:de:7e,-50.17,00:13:ce:95:e1:6f,-43.7,00:13:ce:8f:78:d9,-65.35,00:13:ce:97:78:79,-76.0
2.0,22.0,4.2,0,00:13:ce:95:de:7e,-50.74,00:13:ce:95:e1:6f,-43.23,00:13:ce:8f:78:d9,-66.76
2.0,23.0,4.2,0,00:13:ce:95:de:7e,-54.29,00:13:ce:95:e1:6f,-43.69,00:13:ce:8f:78:d9,-66.47
2.0,24.0,4.2,0,00:13:ce:95:e1:6f,-44.67,00:13:ce:8f:78:d9,-59.11,00:13:ce:95:de:7e,-51.33
2.0,25.0,4.2,0,00:13:ce:8f:78:d9,-63.27,00:13:ce:95:e1:6f,-44.88,00:13:ce:95:de:7e,-48.6
1.0,19.0,4.2,0,00:13:ce:95:de:7e,-47.0,00:13:ce:8f:78:d9,-67.68,00:13:ce:95:e1:6f,-46.5,00:13:ce:97:78:79,-77.85
1.0,20.0,4.2,0,00:13:ce:95:e1:6f,-45.16,00:13:ce:95:de:7e,-48.33,00:13:ce:8f:78:d9,-66.72,00:13:ce:97:78:79,-75.89
1.0,21.0,4.2,0,00:13:ce:95:de:7e,-51.89,00:13:ce:95:e1:6f,-42.92,00:13:ce:8f:78:d9,-62.79
1.0,22.0,4.2,0,00:13:ce:95:e1:6f,-42.77,00:13:ce:8f:78:d9,-63.83,00:13:ce:95:de:7e,-52.39
1.0,23.0,4.2,0,00:13:ce:95:e1:6f,-42.96,00:13:ce:95:de:7e,-49.2,00:13:ce:8f:78:d9,-66.8
1.0,24.0,4.2,0,00:13:ce:95:de:7e,-53.88,00:13:ce:95:e1:6f,-43.22,00:13:ce:8f:78:d9,-64.1
1.0,25.0,4.2,0,00:13:ce:95:e1:6f,-44.12,00:13:ce:8f:78:d9,-63.75,00:13:ce:95:de:7e,-41.08
5.4,15.3,4.2,0,00:13:ce:95:de:7e,-41.71,00:13:ce:95:e1:6f,-49.26,00:13:ce:8f:78:d9,-65.74
4.2,15.3,4.2,0,00:13:ce:95:e1:6f,-45.95,00:13:ce:95:de:7e,-43.53,00:13:ce:8f:78:d9,-64.6
3.0,15.3,4.2,0,00:13:ce:95:de:7e,-41.5,00:13:ce:8f:78:d9,-69.75,00:13:ce:95:e1:6f,-47.69
1.8,15.3,4.2,0,00:13:ce:95:e1:6f,-48.0,00:13:ce:95:de:7e,-42.77,00:13:ce:8f:78:d9,-71.73
5.4,16.3,4.2,0,00:13:ce:95:de:7e,-45.15,00:13:ce:95:e1:6f,-45.96,00:13:ce:8f:78:d9,-62.63
4.2,16.3,4.2,0,00:13:ce:95:de:7e,-40.85,00:13:ce:95:e1:6f,-45.08,00:13:ce:8f:78:d9,-68.09
3.0,16.3,4.2,0,00:13:ce:95:de:7e,-40.75,00:13:ce:95:e1:6f,-47.1,00:13:ce:8f:78:d9,-68.37
1.8,16.3,4.2,0,00:13:ce:95:de:7e,-45.08,00:13:ce:95:e1:6f,-47.28,00:13:ce:8f:78:d9,-68.65
5.4,17.3,4.2,0,00:13:ce:95:e1:6f,-43.23,00:13:ce:95:de:7e,-43.11,00:13:ce:8f:78:d9,-69.71
4.2,17.3,4.2,0,00:13:ce:95:de:7e,-41.0,00:13:ce:95:e1:6f,-46.98,00:13:ce:8f:78:d9,-67.07
3.0,17.3,4.2,0,00:13:ce:95:e1:6f,-49.37,00:13:ce:95:de:7e,-39.44,00:13:ce:8f:78:d9,-69.25
1.8,17.3,4.2,0,00:13:ce:95:de:7e,-40.95,00:13:ce:95:e1:6f,-44.31,00:13:ce:8f:78:d9,-67.74
5.4,4.48,4.2,0,00:13:ce:95:e1:6f,-58.14,00:13:ce:8f:77:43,-75.04,00:13:ce:95:de:7e,-46.14,00:13:ce:8f:78:d9,-69.25,00:13:ce:97:78:79,-81.0
4.2,4.48,4.2,0,00:13:ce:95:e1:6f,-61.07,00:13:ce:95:de:7e,-46.44,00:13:ce:8f:78:d9,-66.39,00:13:ce:8f:77:43,-73.25
3.0,4.48,4.2,0,00:13:ce:95:de:7e,-44.53,00:13:ce:95:e1:6f,-62.45,00:13:ce:8f:78:d9,-63.08,00:13:ce:8f:77:43,-76.23
1.8,4.48,4.2,0,00:13:ce:95:e1:6f,-54.59,00:13:ce:95:de:7e,-47.29,00:13:ce:8f:77:43,-74.57,00:13:ce:8f:78:d9,-67.85
5.4,5.48,4.2,0,00:13:ce:95:de:7e,-47.62,00:13:ce:95:e1:6f,-60.82,00:13:ce:8f:78:d9,-65.2
4.2,5.48,4.2,0,00:13:ce:95:e1:6f,-60.39,00:13:ce:95:de:7e,-44.47
3.0,5.48,4.2,0,00:13:ce:95:de:7e,-45.83,00:13:ce:95:e1:6f,-59.4
1.8,5.48,4.2,0,00:13:ce:95:de:7e,-47.09,00:13:ce:95:e1:6f,-60.03,00:13:ce:8f:78:d9,-66.93
5.4,6.48,4.2,0,00:13:ce:95:e1:6f,-58.82,00:13:ce:95:de:7e,-47.24
4.2,6.48,4.2,0,00:13:ce:95:e1:6f,-63.71,00:13:ce:95:de:7e,-46.75
3.0,6.48,4.2,0,00:13:ce:95:e1:6f,-58.49,00:13:ce:95:de:7e,-42.59,00:13:ce:8f:77:43,-68.18
1.8,6.48,4.2,0,00:13:ce:95:de:7e,-44.64,00:13:ce:95:e1:6f,-60.44
5.4,4.48,4.2,0,00:13:ce:97:78:79,-80.34,00:13:ce:95:e1:6f,-57.91,00:13:ce:8f:78:d9,-67.6,00:13:ce:8f:77:43,-74.46,00:13:ce:95:de:7e,-42.59
4.2,4.48,4.2,0,00:13:ce:95:e1:6f,-56.56,00:13:ce:95:de:7e,-44.62,00:13:ce:8f:78:d9,-64.45,00:13:ce:8f:77:43,-73.93,00:13:ce:97:78:79,-80.99
3.0,4.48,4.2,0,00:13:ce:95:e1:6f,-56.63,00:13:ce:95:de:7e,-38.21,00:13:ce:8f:78:d9,-70.79,00:13:ce:8f:77:43,-78.23,00:13:ce:97:78:79,-79.28
1.8,4.48,4.2,0,00:13:ce:8f:78:d9,-68.25,00:13:ce:95:e1:6f,-56.85,00:13:ce:8f:77:43,-74.71,00:13:ce:95:de:7e,-37.43,00:13:ce:97:78:79,-82.0
5.4,5.48,4.2,0,00:13:ce:8f:77:43,-75.81,00:13:ce:95:de:7e,-43.85,00:13:ce:95:e1:6f,-57.33,00:13:ce:8f:78:d9,-70.05,00:13:ce:97:78:79,-80.39
4.2,5.48,4.2,0,00:13:ce:95:e1:6f,-59.79,00:13:ce:8f:77:43,-74.22,00:13:ce:8f:78:d9,-69.31,00:13:ce:95:de:7e,-41.59,00:13:ce:97:78:79,-80.76
3.0,5.48,4.2,0,00:13:ce:8f:78:d9,-64.74,00:13:ce:95:e1:6f,-53.52,00:13:ce:95:de:7e,-39.66,00:13:ce:8f:77:43,-72.92,00:13:ce:97:78:79,-81.31
1.8,5.48,4.2,0,00:13:ce:8f:78:d9,-67.84,00:13:ce:8f:77:43,-74.93,00:13:ce:95:e1:6f,-55.04,00:13:ce:95:de:7e,-38.69,00:13:ce:97:78:79,-81.59
5.4,6.48,4.2,0,00:13:ce:8f:78:d9,-71.88,00:13:ce:95:e1:6f,-54.87,00:13:ce:8f:77:43,-71.52,00:13:ce:95:de:7e,-41.5,00:13:ce:97:78:79,-79.07
4.2,6.48,4.2,0,00:13:ce:95:e1:6f,-59.95,00:13:ce:8f:78:d9,-72.16,00:13:ce:95:de:7e,-41.21,00:13:ce:8f:77:43,-73.32,00:13:ce:97:78:79,-77.97
3.0,6.48,4.2,0,00:13:ce:95:de:7e,-37.74,00:13:ce:95:e1:6f,-55.49,00:13:ce:8f:77:43,-70.23,00:13:ce:8f:78:d9,-69.23,00:13:ce:97:78:79,-79.02
1.8,6.48,4.2,0,00:13:ce:95:e1:6f,-53.99,00:13:ce:8f:77:43,-69.32,00:13:ce:95:de:7e,-38.47,00:13:ce:8f:78:d9,-67.96,00:13:ce:97:78:79,-80.15
7.0,1.0,4.2,0,00:13:ce:95:de:7e,-58.72,00:13:ce:95:e1:6f,-62.2,00:13:ce:8f:77:43,-65.69
7.0,2.0,4.2,0,00:13:ce:95:e1:6f,-63.4,00:13:ce:95:de:7e,-58.83,00:13:ce:8f:77:43,-66.46
7.0,3.0,4.2,0,00:13:ce:95:de:7e,-57.41,00:13:ce:95:e1:6f,-64.48,00:13:ce:8f:77:43,-66.64,00:13:ce:8f:78:d9,-75.02
7.5,4.0,4.2,0,00:13:ce:95:de:7e,-56.54,00:13:ce:8f:77:43,-64.43,00:13:ce:95:e1:6f,-64.38
7.5,5.0,4.2,0,00:13:ce:95:de:7e,-53.93,00:13:ce:8f:77:43,-62.61,00:13:ce:95:e1:6f,-63.65,00:13:ce:8f:78:d9,-73.0
7.5,6.0,4.2,0,00:13:ce:95:e1:6f,-60.89,00:13:ce:95:de:7e,-52.2,00:13:ce:8f:77:43,-59.06,00:13:ce:8f:78:d9,-71.31
7.5,7.0,4.2,0,00:13:ce:95:de:7e,-52.35,00:13:ce:8f:77:43,-59.83,00:13:ce:95:e1:6f,-63.58,00:13:ce:8f:78:d9,-71.39
7.5,8.0,4.2,0,00:13:ce:8f:77:43,-60.47,00:13:ce:8f:78:d9,-69.44,00:13:ce:95:de:7e,-49.51,00:13:ce:95:e1:6f,-61.16,00:13:ce:97:78:79,-75.99
7.5,9.0,4.2,0,00:13:ce:95:e1:6f,-60.18,00:13:ce:8f:77:43,-63.22,00:13:ce:95:de:7e,-47.88,00:13:ce:97:78:79,-78.0,00:13:ce:8f:78:d9,-74.0
7.5,10.0,4.2,0,00:13:ce:95:de:7e,-54.27,00:13:ce:8f:77:43,-67.05,00:13:ce:95:e1:6f,-59.5,00:13:ce:8f:78:d9,-71.42
7.5,11.0,4.2,0,00:13:ce:97:78:79,-69.94,00:13:ce:95:e1:6f,-60.49,00:13:ce:95:de:7e,-51.1,00:13:ce:8f:78:d9,-72.41,00:13:ce:8f:77:43,-65.18
8.0,12.0,4.2,0,00:13:ce:95:e1:6f,-58.25,00:13:ce:95:de:7e,-53.52,00:13:ce:8f:77:43,-70.91,00:13:ce:97:78:79,-66.55
8.0,13.0,4.2,0,00:13:ce:97:78:79,-72.4,00:13:ce:95:de:7e,-53.54,00:13:ce:95:e1:6f,-57.69,00:13:ce:8f:78:d9,-73.6,00:13:ce:8f:77:43,-70.32
8.0,14.0,4.2,0,00:13:ce:8f:78:d9,-73.69,00:13:ce:95:e1:6f,-58.74,00:13:ce:95:de:7e,-49.39,00:13:ce:8f:77:43,-72.57,00:13:ce:97:78:79,-72.82
8.0,15.0,4.2,0,00:13:ce:97:78:79,-69.8,00:13:ce:95:de:7e,-51.32,00:13:ce:95:e1:6f,-57.66,00:13:ce:8f:78:d9,-69.44,00:13:ce:8f:77:43,-69.19
8.0,16.0,4.2,0,00:13:ce:95:e1:6f,-55.42,00:13:ce:95:de:7e,-52.0,00:13:ce:8f:77:43,-71.04,00:13:ce:8f:78:d9,-66.69,00:13:ce:97:78:79,-73.71
9.0,12.0,4.2,0,00:13:ce:97:78:79,-74.66,00:13:ce:95:de:7e,-53.55,00:13:ce:95:e1:6f,-57.51,00:13:ce:8f:78:d9,-69.67,00:13:ce:8f:77:43,-74.16
9.0,13.0,4.2,0,00:13:ce:95:e1:6f,-58.32,00:13:ce:95:de:7e,-54.08,00:13:ce:8f:77:43,-72.24,00:13:ce:97:78:79,-68.4,00:13:ce:8f:78:d9,-69.93
9.0,14.0,4.2,0,00:13:ce:95:de:7e,-54.3,00:13:ce:95:e1:6f,-54.72,00:13:ce:8f:77:43,-74.51,00:13:ce:97:78:79,-68.07,00:13:ce:8f:78:d9,-67.39
9.0,15.0,4.2,0,00:13:ce:97:78:79,-68.73,00:13:ce:95:de:7e,-55.17,00:13:ce:95:e1:6f,-57.88,00:13:ce:8f:77:43,-73.89,00:13:ce:8f:78:d9,-70.01
9.0,16.0,4.2,0,00:13:ce:95:e1:6f,-56.78,00:13:ce:95:de:7e,-50.6,00:13:ce:8f:77:43,-76.3,00:13:ce:97:78:79,-74.39,00:13:ce:8f:78:d9,-70.99
7.5,17.0,4.2,0,00:13:ce:95:de:7e,-50.93,00:13:ce:95:e1:6f,-54.79,00:13:ce:8f:78:d9,-71.43,00:13:ce:8f:77:43,-73.28,00:13:ce:97:78:79,-76.22
7.5,18.0,4.2,0,00:13:ce:95:de:7e,-55.55,00:13:ce:95:e1:6f,-51.66,00:13:ce:97:78:79,-77.84,00:13:ce:8f:78:d9,-72.94,00:13:ce:8f:77:43,-75.1
7.5,19.0,4.2,0,00:13:ce:95:de:7e,-57.16,00:13:ce:95:e1:6f,-51.57,00:13:ce:97:78:79,-73.36,00:13:ce:8f:78:d9,-70.51,00:13:ce:8f:77:43,-70.86
7.5,20.0,4.2,0,00:13:ce:97:78:79,-72.45,00:13:ce:8f:78:d9,-66.1,00:13:ce:95:e1:6f,-49.69,00:13:ce:95:de:7e,-53.81,00:13:ce:8f:77:43,-70.85
7.5,21.0,4.2,0,00:13:ce:97:78:79,-72.26,00:13:ce:95:e1:6f,-50.08,00:13:ce:95:de:7e,-61.44,00:13:ce:8f:78:d9,-70.61
7.5,22.0,4.2,0,00:13:ce:95:de:7e,-58.91,00:13:ce:95:e1:6f,-53.01,00:13:ce:97:78:79,-71.23,00:13:ce:8f:78:d9,-70.36,00:13:ce:8f:77:43,-77.51
8.0,23.0,4.2,0,00:13:ce:97:78:79,-70.87,00:13:ce:95:de:7e,-59.34,00:13:ce:95:e1:6f,-49.5,00:13:ce:8f:78:d9,-72.89
8.0,24.0,4.2,0,00:13:ce:97:78:79,-61.83,00:13:ce:95:e1:6f,-46.49,00:13:ce:95:de:7e,-55.82,00:13:ce:8f:78:d9,-70.32,00:13:ce:8f:77:43,-75.29
9.0,23.0,4.2,0,00:13:ce:8f:78:d9,-70.09,00:13:ce:95:e1:6f,-46.73,00:13:ce:97:78:79,-65.27,00:13:ce:95:de:7e,-58.81,00:13:ce:8f:77:43,-77.29
9.0,24.0,4.2,0,00:13:ce:95:e1:6f,-48.62,00:13:ce:8f:78:d9,-70.45,00:13:ce:95:de:7e,-57.22,00:13:ce:97:78:79,-64.19,00:13:ce:8f:77:43,-77.92
7.5,25.0,4.2,0,00:13:ce:97:78:79,-69.02,00:13:ce:95:e1:6f,-43.33,00:13:ce:8f:78:d9,-64.74,00:13:ce:95:de:7e,-57.99
7.5,26.0,4.2,0,00:13:ce:97:78:79,-70.03,00:13:ce:8f:78:d9,-66.5,00:13:ce:95:e1:6f,-40.41,00:13:ce:95:de:7e,-59.26
7.5,27.0,4.2,0,00:13:ce:97:78:79,-69.89,00:13:ce:8f:78:d9,-65.21,00:13:ce:95:e1:6f,-39.58,00:13:ce:95:de:7e,-62.62
7.5,28.0,4.2,0,00:13:ce:8f:78:d9,-64.88,00:13:ce:95:e1:6f,-43.23,00:13:ce:95:de:7e,-58.94,00:13:ce:97:78:79,-65.97
7.5,29.0,4.2,0,00:13:ce:97:78:79,-66.86,00:13:ce:95:de:7e,-60.1,00:13:ce:95:e1:6f,-39.95,00:13:ce:8f:78:d9,-66.79
